"","instantaneous","continuous","LB-SPR","instantaneous","continuous","LB-SPR","instantaneous","continuous","LB-SPR"
"LC10",-0.0236361954678851,0.620387706505429,0.520301377558197,0.00185364951057989,0.0649774804456616,0.220885452710298,0.0535169851673281,0.230230166669579,0.0440355451375417
"LC1",-0.0508232148528395,0.581346019719817,0.520301377558197,-0.0498204799422522,0.095316201927943,0.220885452710298,-0.213050100729913,-0.115032574181164,0.0440355451375417
"LBSPR10",-0.572642638919381,0.146185018328695,-0.00617052091036343,0.165059453058134,0.295697570384077,0.007150682024504,0.0152862823362642,0.0957706571912023,-0.0142576625241144
"LBSPR1",-0.606262102456735,0.122691732304355,-0.00617052091036343,0.178920043314209,0.259006019222053,0.007150682024504,0.0172121090850539,0.109569877200916,-0.0142576625241144
"LC10",0.0371921259116843,0.620387706505429,0.520301377558197,0.116332543673232,0.160503289890761,0.222047388700264,0.395792967836641,0.335301554777523,0.061982218604457
"LC1",0.119183484924603,0.581346019719817,0.520301377558197,0.116595256599687,0.145557393987018,0.222047388700264,0.246570481132532,0.264678581102458,0.061982218604457
"LBSPR10",0.572642638919381,0.146185018328695,0.0682271445095215,0.165059453058134,0.295697570384077,0.0619175841282449,0.0747591642986406,0.0979357848276128,0.0671808097754642
"LBSPR1",0.606262102456735,0.162906448718527,0.0682271445095215,0.220873876594386,0.259006019222053,0.0619175841282449,0.109200328854685,0.168994311229689,0.0671808097754642
