"","LBSPR/LC10/LH_Short","LBSPR/LC1/LH_Short","LBSPR/LBSPR10/LH_Short","LBSPR/LBSPR1/LH_Short","LBSPR/LC10/LH_Medium","LBSPR/LC1/LH_Medium","LBSPR/LBSPR10/LH_Medium","LBSPR/LBSPR1/LH_Medium","LBSPR/LC10/LH_Long","LBSPR/LC1/LH_Long","LBSPR/LBSPR10/LH_Long","LBSPR/LBSPR1/LH_Long","MoYr/LC10/SampleSize_200/LH_Short","MoYr/LC1/SampleSize_200/LH_Short","MoYr/LBSPR10/SampleSize_200/LH_Short","MoYr/LBSPR1/SampleSize_200/LH_Short","MoYr/LC10/SampleSize_200/LH_Medium","MoYr/LC1/SampleSize_200/LH_Medium","MoYr/LBSPR10/SampleSize_200/LH_Medium","MoYr/LBSPR1/SampleSize_200/LH_Medium","MoYr/LC10/SampleSize_200/LH_Long","MoYr/LC1/SampleSize_200/LH_Long","MoYr/LBSPR10/SampleSize_200/LH_Long","MoYr/LBSPR1/SampleSize_200/LH_Long","runMonthly/LC10/SampleSize_200/LH_Short","runMonthly/LC1/SampleSize_200/LH_Short"
"bmat2",0.0681116874363911,0.195342167246622,-0.00485428549192189,0.0205284518268785,-0.132747308915982,-0.0974607966946356,0.0016209207657112,-0.00306098704297849,-0.111899198132449,-0.113498055680758,0.0104581278420865,-0.029998531806969,0.468382950205456,0.483901785109744,0.136104419385887,0.110794912843022,0.0724627090388193,-0.104461107387339,0.0903274968693504,0.055652981015867,0.184426606360235,0.168031388895486,0.117063802730105,0.114211638185946,-0.0397364772687807,0.034174251272447
"pmat2",0.139738026305329,0.232943935987982,0.0500573363560308,0.152300631419887,0.260306642897973,0.132505889243599,0.0478758589505007,0.138153006213443,0.429038252171195,0.167291152884394,0.0499231208236809,0.149298460048431,0.468382950205456,0.483901785109744,0.137551633571051,0.153764035099951,0.271891315544856,0.209218449359959,0.0936664385322349,0.138527549808068,0.441805910551221,0.311263075245594,0.117063802730105,0.157299013729397,0.101638442126167,0.129885188678005
